{"cameraMode":{"drawMode":0,"name":"Shaded","section":"Shading Mode"},"sceneLighting":true,"audioPlay":false,"sceneViewState":{"showFog":true,"showMaterialUpdate":false,"showSkybox":true,"showFlares":true,"showImageEffects":true,"showParticleSystems":true},"in2DMode":false,"pivot":{"x":-1.2713642120361329,"y":2.106844425201416,"z":-4.596767902374268},"rotation":{"x":0.03574274107813835,"y":0.9638072848320007,"z":-0.20121236145496369,"w":0.17120663821697236},"size":12.658634185791016,"orthographic":false}